"Store ID","Store Name","Ownership Type","Country","City","Region","ZIP Code","Address","Coordinates","Phone Number","Opening Hours"
"113994","Indiabulls Finance Centre","Joint Venture","India","Mumbai","Maharashtra","400013","First Floor, Tower 2 Lobby, Mumbai","[19.00999,72.83559]","",""
"113991","Hamilton House","Joint Venture","India","New Delhi","New Delhi","110001","Hamilton House, New Delhi","[28.63218,77.21775]","",""
"1005202","Nehru Place","Joint Venture","India","New Delhi","New Delhi","110019","Lower Ground Floor, New Delhi","[28.55114,77.25178]","",""
"1005678","Juhu Bawa","Joint Venture","India","Mumbai","Maharashtra","400049","Ground Floor, Hotel Bawa Continental, Mumbai","[19.10038,72.82759]","",""
"1005757","Viviana Mall","Joint Venture","India","Thane","Maharashtra","400601","Ground Floor, Viviana Mall, Thane West, Mumbai","[19.20845,72.97154]","",""
"1006078","Amanora","Joint Venture","India","Pune","Maharashtra","411028","Ground Floor, West Block, Pune","[18.51814,73.93555]","",""
"1006562","PMC Bangalore Relocation","Joint Venture","India","Bengaluru","Karnataka","560036","Whitefield Main Road, Bengaluru","[12.99685,77.69628]","",""
"1006697","Mahavir Nagar","Joint Venture","India","Mumbai","Maharashtra","400067","Ground Floor, V Souk, Sector 10, Mumbai","[19.21306,72.84238]","",""
"1006687","Church Street","Joint Venture","India","Bengaluru","Karnataka","560001","#55, Ground Floor, Prestige RR Building, Bangalore","[12.97450,77.60731]","",""
"1006696","Brigade Orion","Joint Venture","India","Bengaluru","Karnataka","560055","Shop 416, GF Orion Mall, Brigade Gateway, Bangalore","[13.01118,77.55515]","",""
"1007103","BKC 2 - The Capital","Joint Venture","India","Mumbai","Maharashtra","400051","Ground Floor, The Capital, Mumbai","[19.06079,72.86483]","",""
"1007131","Mantri Mall","Joint Venture","India","Bengaluru","Karnataka","560003","Upper grd flr,Mantri Mall,Mantri Sq No1, Bangalore","[12.99157,77.57097]","",""
"1007127","Phoenix MarketCity Chennai","Joint Venture","India","Chennai","Tamil Nadu","600042","Upper Ground Floor, Phoenix marketcity, Chennai","[12.99169,80.21702]","",""
"1007130","Sadashiv Nagar","Joint Venture","India","Bengaluru","Karnataka","560080","403, Ground Floor, Bangalore","[13.00892,77.58016]","",""
"1007208","Nirlon Knowledge Park","Joint Venture","India","Mumbai","Maharashtra","400063","Grd floor,Block B6,Nirlon Knowledge Pk, Mumbai","[19.15537,72.85376]","",""
"1008457","N Block CP","Joint Venture","India","New Delhi","New Delhi","110001","N 16, N Block, New Delhi","[28.63028,77.22058]","",""
"1009039","Jubilee Hills","Joint Venture","India","Hyderabad","Telangana","500034","Ground Floor, Road No. 92, Hyderabad","[17.41670,78.41707]","",""
"1011732","Godrej One","Joint Venture","India","Mumbai","Maharashtra","400079","Ground Floor, Godrej One Building, Mumbai","[19.09393,72.92304]","",""
"1012310","Bergamo","Joint Venture","India","Chennai","Tamil Nadu","600006","Ground Floor, Bergamo Mall, Chennai","[13.06067,80.25120]","",""
"1013108","Alwarpet","Joint Venture","India","Chennai","Tamil Nadu","600086","Ground Floor, MGN Splendor, Chennai","[13.02929,80.24847]","",""
"1013530","JW Marriot Mall","Joint Venture","India","Mumbai","Maharashtra","400093","Sahar Road, Mumbai","[19.10910,72.85445]","",""
"1013604","Gardens Galleria","Joint Venture","India","Noida","Uttar Pradesh","201303","Ground Floor, Gardens Galleria, Noida","[28.56724,77.32563]","",""
"1014076","Lower Parel - Marathon Futurex","Joint Venture","India","Mumbai","Maharashtra","400013","Upper Ground Floor, Marathon Futurex, Mumbai","[18.99504,72.83123]","",""
"1017119","Alcazar Building","Joint Venture","India","Hyderabad","Telangana","500034","Banjara Hills, Hyderabad","[17.41383,78.43975]","",""
"1017621","Silver Springs Building","Joint Venture","India","Mumbai","Maharashtra","400053","GF Silver Spring BuildingNear Joggers Park, Mumbai","[19.14731,72.82358]","",""
"1017661","Kemps Corner","Joint Venture","India","Mumbai","Maharashtra","400026","1st Floor, Kwality House, Mumbai","[18.96291,72.80538]","",""
"8944900","City Center 2 Mall, Newtown","Joint Venture","India","New Town","West Bengal","700157","New Town Road, Rajarhat","[22.62277,88.44947]","",""
"1020383","Mumbai - Pune Highway","Joint Venture","India","Hyderabad","Telangana","500029","Foodway, Khalapur District, Pune","[17.40205,78.48407]","",""
"1020494","WorldMark Aerocity - New Delhi","Joint Venture","India","New Delhi","New Delhi","110037","Aerocity, New Delhi","[28.54968,77.12113]","",""
"1022050","Atria Mall","Joint Venture","India","Mumbai","Maharashtra","400018","Annie Besant Road, Worli, Mumbai","[18.99095,72.81429]","",""
"1022091","R-Cube Mall","Joint Venture","India","New Delhi","New Delhi","110027","Rajouri Garden, Delhi NCR","[28.65105,77.12126]","",""
"1022090","Vega Mall","Joint Venture","India","Bengaluru","Karnataka","560076","49, Bannerghatta Main Rd, Dollars Colony, Bangalore","[12.90846,77.60152]","",""
"1023485","Elante Mall","Joint Venture","India","Chandigarh","Chandigarh","160002","Chandigarh, Chandigarh","[30.70548,76.80124]","",""
"1024257","Elements One Mall","Joint Venture","India","Gurugram","Haryana","122018","Sector 49, Gurgaon","[28.41988,77.05067]","",""
"1024258","Shivaji Stadium","Joint Venture","India","New Delhi","New Delhi","110001","Baba Kharak Singh Rd, Hanuman Road Area, New Delhi","[28.62881,77.21141]","",""
"1024364","Lodha Xperia","Joint Venture","India","Thane","Maharashtra","421204","Kalyan - Shilphata Road, Mumbai","[19.16574,73.07534]","",""
"1055419","Moga Highway","Joint Venture","India","Moga","Punjab","142001","NH-5, Moga","[30.81937,75.21284]","",""
"1033115","Guwahati Airport Departure","Joint Venture","India","Guwahati","Assam","781015","Airport Road, Guwahati","[26.10598,91.58653]","",""
"1025232","Kanakia Wall Street","Joint Venture","India","Mumbai","Maharashtra","400093","Chakala, Andheri - Kurla Rd, Mumbai","[19.11383,72.86360]","",""
"1025309","South Extension II","Joint Venture","India","New Delhi","New Delhi","110003","South Extension Part II, New Delhi, New Delhi","[28.56815,77.22027]","",""
"1009843","Link Corner","Joint Venture","India","Mumbai","Maharashtra","400052","Off Linking Road, Mumbai","[19.06553,72.83317]","",""
"1020447","Ardee Mall","Joint Venture","India","Gurugram","Haryana","122003","Ardee City, Gurgaon, Gurugram","[28.44189,77.07840]","",""
"1023005","Golf Course Road","Joint Venture","India","Gurugram","Haryana","122011","Gurugram, Gurugram","[28.44839,77.09994]","",""
"1024892","Goldman Sachs","Joint Venture","India","Bengaluru","Karnataka","560103","Chandana, Bangalore","[12.93696,77.68909]","",""
"1025688","Ahmedabad One Mall","Joint Venture","India","Ahmedabad","Gujarat","380054","Near Vastrapur Lake, Vastrapur, Ahmedabad","[23.04022,72.53135]","",""
"1025917","Uniza Bodakdev","Joint Venture","India","Ahmedabad","Gujarat","380015","17, Premchand Nagar Rd, Ahmedabad","[23.03199,72.51077]","",""
"1025916","Prahlad Nagar","Joint Venture","India","Ahmedabad","Gujarat","380015","100 Feet Anand Nagar Rd, Ahmedabad","[23.01154,72.51059]","",""
"1026081","VR Punjab","Joint Venture","India","Mohali","Punjab","140307","NH-21, Mohali Kharar Road, Mohali","[30.73765,76.67849]","",""
"1030622","Race Course Road Kalpataru","Joint Venture","India","Indore","Madhya Pradesh","452003","27 Yashwant Niwas Road, Indore","[22.72513,75.87469]","",""
"1032183","GS Road","Joint Venture","India","Guwahati","Assam","781005","GS Road, Guwahati","[26.15770,91.77607]","",""
"1033828","Unison Mall","Joint Venture","India","Dehradun","Uttarakhand","248001","90 New Cantt Road, Dehradun","[30.34326,78.04843]","",""
"1026882","Knowledge City","Joint Venture","India","Hyderabad","Telangana","500032","Vittal Rao Nagar, Madhapur, Hyderabad","[17.43261,78.38173]","",""
"8515200","City Center Mall Patna","Joint Venture","India","Patna","Bihar","800001","SRK's Ramchandra Enclave, Patna","[25.61863,85.13359]","",""
"1027273","Center Square Mall","Joint Venture","India","Vadodara","Gujarat","390023","Sayaji Path, Shubangpura, Vadodra","[22.31823,73.16952]","",""
"1027274","World Trade Centre - Pune","Joint Venture","India","Pune","Maharashtra","411014","Kharadi, MIDC, Knowledge Park, Pune","[18.55325,73.94843]","",""
"1027577","Sector 7, Chandigarh","Joint Venture","India","Chandigarh","Chandigarh","160019","Sector 7, Chandigarh, 160019, Chandigarh","[30.72956,76.80137]","",""
"1028096","ECR Chennai","Joint Venture","India","Chennai","Tamil Nadu","600041","Palavakkam, East Coast Road, Chennai","[12.95909,80.25542]","",""
"1028437","SJR Central","Joint Venture","India","Bengaluru","Karnataka","560076","SJR Spectrum, Bannerghatta Main Rd, Bengaluru","[12.89159,77.59797]","",""
"1028447","Lulu Mall Kochi","Joint Venture","India","Kochi","Kerala","682024","34/1000, Old NH 47 Nethaji Nagar, Kochi","[10.02716,76.30815]","",""
"1029776","Chandigarh Bhatinda Highway","Joint Venture","India","Khudi Kalan","Punjab","148107","NH-7, Barnala Sub-District","[30.32702,75.48093]","+91 88004 33681",""
"1030152","HSR Layout","Joint Venture","India","Bengaluru","Karnataka","560102","17th Cross Road, 1st Sector, HSR Layout, Bangalore","[12.91219,77.65080]","",""
"1030157","Samarth Vaibhav Oshiwara","Joint Venture","India","Mumbai","Maharashtra","400053","Maharana Pratap Road, Mumbai","[19.14656,72.82923]","",""
"1030376","Z Square Mall","Joint Venture","India","Kanpur","Uttar Pradesh","208001","16/113, MG Road, The Mall Road, Kanpur","[26.47309,80.35300]","+91 99000 96051",""
"1030378","Mall of Amritsar","Joint Venture","India","Amritsar","Punjab","143006","G T Road, Amritsar","[31.61969,74.90725]","",""
"1031661","Skymark One","Joint Venture","India","Noida","Uttar Pradesh","201304","H/10 Bhatalpur Road, Noida","[28.53131,77.36186]","",""
"1031662","Kamla Nagar","Joint Venture","India","New Delhi","New Delhi","110007","Chhatra Marg, New Delhi","[28.67922,77.20812]","",""
"1031701","Adyar Besant Road","Joint Venture","India","Chennai","Tamil Nadu","600020","3rd Cross Street, Chennai","[13.00174,80.25202]","",""
"1031715","Balewadi High Street Relocatio","Joint Venture","India","Pune","Maharashtra","411045","Masalabar, Pune","[18.56978,73.77459]","",""
"1032055","Chandigarh Airport Arrivals","Joint Venture","India","Jhiurheri","Punjab","140306","Sahibzada Ajit Singh Nagar, Chandigarh","[30.66678,76.78628]","",""
"1032065","Apollomedics Lucknow","Joint Venture","India","Lucknow","Uttar Pradesh","226012","Bangla Bazar Road, Kanpur Lucknow Road, Lucknow","[26.79879,80.90162]","",""
"1032069","Saket Nagar Indore","Joint Venture","India","Indore","Madhya Pradesh","452018","Shell Coaching Classes, Indore","[22.72424,75.89508]","",""
"1032181","City Centre Siliguri","Joint Venture","India","Siliguri","West Bengal","734010","Matigara, Siliguri","[26.72388,88.39465]","",""
"1032166","Sarath City Capital Mall","Joint Venture","India","Hyderabad","Telangana","500084","Kondapur Main Road, Hyderabad","[17.45762,78.36465]","",""
"1032585","Esplanade One Mall","Joint Venture","India","Bhubaneswar","Odisha","751010","Rasulgarh, Bhubaneswar","[20.29142,85.85648]","",""
"1033316","Bhubaneswar Airport Departure","Joint Venture","India","Bhubaneswar","Odisha","751020","Airport Road, Bhubaneswar","[20.25454,85.81605]","",""
"1033331","Orchard Avenue Powai","Joint Venture","India","Mumbai","Maharashtra","400076","B306 Lake Boulevard Road, Mumbai","[19.11961,72.90805]","",""
"1042807","B3 Pusa Road","Joint Venture","India","New Delhi","New Delhi","110005","Pusa Road, New Delhi","[28.64529,77.19576]","",""
"1043275","Gurunanak Colony","Joint Venture","India","Vijayawada","Andhra Pradesh","520008","Gurunanak Colony Road, Vijayawada","[16.50454,80.66334]","",""
"1043309","Serum Institute Pune","Joint Venture","India","Pune","Maharashtra","412307","Manjari Road, Pune","[18.51046,73.96163]","",""
"1043810","Falcon City","Joint Venture","India","Bengaluru","Karnataka","560062","Kanakapura Main Road, Bengaluru","[12.88852,77.56273]","",""
"1043936","Lakshmi Mills","Joint Venture","India","Coimbatore","Tamil Nadu","641037","Avinashi Road, Coimbatore","[11.01333,76.98695]","",""
"1043969","Phoenix Citadel","Joint Venture","India","Indore","Madhya Pradesh","452016","Indore Bypass Road, Indore Sub-District","[22.75024,75.93920]","",""
"1044354","Indiranagar Relocation","Joint Venture","India","Bengaluru","Karnataka","560008","12th Main Road Indiranagar, Bengaluru","[12.97030,77.63978]","",""
"1044947","HLP Galleria","Joint Venture","India","Mohali","Punjab","160062","Service Road, Mohali","[30.69807,76.72441]","",""
"1045477","Goa T2 International Departure","Joint Venture","India","Mopa","Goa","403512","Goa International Airport, Pernem","[15.74473,73.85246]","",""
"1045445","Hyderabad International Depart","Joint Venture","India","Hyderabad","Telangana","500108","Airport Road, Hyderabad","[17.23519,78.43117]","",""
"1045454","Vega Circle Siliguri","Joint Venture","India","Siliguri","West Bengal","734008","Sevoke Road, Siliguri","[26.75268,88.43922]","",""
"1045455","Adani Shantigram","Joint Venture","India","Khodiyar","Gujarat","382501","Adani Shantigram Road, Ahmedabad","[23.15026,72.54559]","",""
"1045467","Elpro Mall","Joint Venture","India","Pune","Maharashtra","411033","Chinchwad Gaon, Chinchwad, Pune","[18.62836,73.78389]","",""
"1045488","Balaji Agora Vadodara","Joint Venture","India","Vadodara","Gujarat","390002","Mangal Pande Marg, Vadodara","[22.33374,73.19484]","",""
"1050638","Kathipara Urban Square","Joint Venture","India","Chennai","Tamil Nadu","600016","Guindy Kathipara Flyover, Chennai","[13.00681,80.20352]","",""
"1051373","DLF Downtown","Joint Venture","India","Gurugram","Haryana","122002","DLF Phase 3, Gurugram","[28.50362,77.09528]","",""
"1051446","Raj Nagar District Centre","Joint Venture","India","Ghaziabad","Uttar Pradesh","201002","Carnival Banquet, Ghaziabad","[28.67440,77.44006]","",""
"1051611","R City 2","Joint Venture","India","Mumbai","Maharashtra","400086","LBS road, Mumbai","[19.09971,72.91630]","",""
"1051623","M2M Terminal, Mandwa","Joint Venture","India","Kolgaon","Maharashtra","402208","Arabian Sea, Alibaug","[18.80549,72.88137]","",""
"1052252","Divinity Mall","Joint Venture","India","Bengaluru","Karnataka","560026","123 Mysore Road, Bengaluru","[12.94042,77.52476]","",""
"1053386","Yamuna expressway 2","Joint Venture","India","Achheja Buzurg","Uttar Pradesh","203201","Service Road, Greater Noida","[28.31743,77.55169]","",""
"1053401","Golden I","Joint Venture","India","Greater Noida","Uttar Pradesh","201318","Ghaziabad Road, Greater Noida","[28.59090,77.43524]","",""
"1053919","Ahmedabad Dom. Arrivals","Joint Venture","India","Ahmedabad","Gujarat","380004","Sardar Vallabhbhai Patel Airport Road, Ahmedabad","[23.07180,72.62166]","",""
"1053944","Commerzone Porur","Joint Venture","India","Chennai","Tamil Nadu","600116","Old Poonamallee high road, Chennai","[13.02984,80.16877]","",""
"1053951","Omaxe - Chandni Chowk","Joint Venture","India","New Delhi","New Delhi","110006","Chandni Chowk, Old Delhi, New Delhi","[28.65772,77.23094]","",""
"1053987","Botanical Garden Road","Joint Venture","India","Hyderabad","Telangana","500084","104 Link 12 Road, Hyderabad","[17.46560,78.34782]","",""
"1054441","Kundalahalli","Joint Venture","India","Bengaluru","Karnataka","560037","ITPL Main Road, Bengaluru","[12.95893,77.71614]","",""
"1054460","Delhi Mumbai Expressway 69 RHS","Joint Venture","India","Maholi","Haryana","122104","Jaipur to Delhi, Ferozepur Jhirka","[27.73721,76.98328]","",""
"1054449","Nagarabhavi","Joint Venture","India","Bengaluru","Karnataka","560072","60th Feet Road, Terige Bhavana Road, Bengaluru","[12.96598,77.50927]","",""
"1054501","MIDC Andheri East","Joint Venture","India","Mumbai","Maharashtra","400093","Krantiveer Lahuji Salve Marg, Mumbai","[19.11883,72.86984]","",""
"1054533","Grand Street","Joint Venture","India","Noida","Uttar Pradesh","201304","Service Road, Noida","[28.51255,77.37153]","",""
"1054566","VIP Road Surat","Joint Venture","India","Surat","Gujarat","395007","Service Road, Surat","[21.14213,72.78819]","",""
"1055052","Suncity","Joint Venture","India","Hyderabad","Telangana","500091","Kali Mandir Main Road, Hyderabad","[17.35624,78.38127]","",""
"1055087","DB MALL Gwalior","Joint Venture","India","Gwalior","Madhya Pradesh","474011","NH-719, Gwalior","[26.21652,78.18502]","",""
"1055095","MRC Nagar","Joint Venture","India","Chennai","Tamil Nadu","600028","57 Sathyadev Avenue, Chennai","[13.01785,80.27068]","",""
"1055101","Rathana Square","Joint Venture","India","Salem","Tamil Nadu","636016","101H Saradha college road, fairlands, Salem","[11.67735,78.14180]","",""
"1055099","Eagle motel","Joint Venture","India","Rajpura","Punjab","140401","Service Road, Rajpura","[30.48614,76.60399]","",""
"1055102","Swagat Holiday Mall Gandhinaga","Joint Venture","India","Gandhinagar","Gujarat","382419","Service Road, Gandhinagar","[23.18890,72.60982]","",""
"1055230","Yamunanagar Highway","Joint Venture","India","Landaura","Haryana","135002","Ambala Road, Jagadhri","[30.19831,77.22370]","",""
"1055871","New Alipore","Joint Venture","India","Kolkata","West Bengal","700053","New Alipore Road, Kolkata","[22.50901,88.33420]","",""
"1055855","Ireo Grand","Joint Venture","India","Gurugram","Haryana","122011","Service Road, Gurugram","[28.41633,77.10200]","",""
"1055869","VJ Happiness Street","Joint Venture","India","Pune","Maharashtra","411057","Hinjewadi Phase 2 Road, Pune","[18.58805,73.70196]","",""
"1055870","Patia KIIT Road","Joint Venture","India","Bhubaneswar","Odisha","751024","Patia KIIT Road, Bhubaneswar","[20.35327,85.82426]","",""
"1055917","Kohinoor World Tower","Joint Venture","India","Pune","Maharashtra","411018","Service Road, Chinchwad","[18.63479,73.79922]","",""
"1055938","Delhi High Court","Joint Venture","India","New Delhi","New Delhi","110003","Justice Sunanda Bhandare Marg, New Delhi","[28.60912,77.23543]","",""
"1056003","Nexus Fiza","Joint Venture","India","Mangaluru","Karnataka","575001","12 Mangaladevi Temple Road, Mangaluru","[12.85759,74.83839]","",""
"8554700","Nexus Koramangala Mall","Joint Venture","India","Bengaluru","Karnataka","560095","Hosur Road, Koramangala, Bangalore","[12.93468,77.61145]","",""
"8556700","Ahmedabad Rajkot Highway","Joint Venture","India","Limbdi","Gujarat","363421","Ahmedabad Rajkot Highway, Limbdi","[22.56733,71.77418]","",""
"8557600","West Point Mall, Gangtok","Joint Venture","India","Gangtok","Sikkim","737101","Near M.G.Marg,Old West Point School Area, Gangtok","[27.33010,88.61123]","",""
"8561500","Sai Arcade, Ashok Nagar","Joint Venture","India","Ranchi","Jharkhand","834002","Harmu Housing Complex, Ranchi","[23.35017,85.30622]","",""
"8566800","ECR - La Rue.","Joint Venture","India","Chennai","Tamil Nadu","603112","East Coast Road, Chennai","[12.84521,80.24123]","",""
"8566900","Nanakramguda","Joint Venture","India","Hyderabad","Telangana","500032","Nanakramaguda Main Road, Peerancheru","[17.42308,78.34628]","",""
"8573900","Raja Park","Joint Venture","India","Jaipur","Rajasthan","302004","3 Motidungri Marg, Adarsh Nagar","[26.90130,75.82071]","",""
"8627800","Kanke Road","Joint Venture","India","Ranchi","Jharkhand","834001","Kanke Road, Karamtoli","[23.39056,85.31413]","",""
"8630000","Patliputra Colony","Joint Venture","India","Patna","Bihar","800013","Patliputra Colony, Patna","[25.63157,85.10594]","",""
"8630300","Beverly Park - Mira Road","Joint Venture","India","Mira Bhayandar","Maharashtra","401107","7-9 Gaurav Enclave Road, Bhayander East","[19.28819,72.87593]","",""
"8636200","Tarabai Park","Joint Venture","India","Kolhapur","Maharashtra","416003","Tarabai Park, Kolhapur","[16.71612,74.24232]","",""
"8636300","M5 ECity Mall","Joint Venture","India","Bengaluru","Karnataka","560100","Hosur Road, Bangalore","[12.84199,77.67702]","",""
"8643100","Godrej GCR Reserve","Joint Venture","India","Gurugram","Haryana","122002","DLF Golf Course Road, Gurugram","[28.46075,77.09655]","",""
"8638200","Budigere Cross","Joint Venture","India","Bengaluru","Karnataka","560051","Budigere Cross Road, Airport Link Road, Bengaluru","[13.05842,77.74305]","",""
"8639700","Lullanagar","Joint Venture","India","Pune","Maharashtra","411040","Pravin Agencies, Bibwewadi","[18.48588,73.88866]","",""
"8642200","Palm Beach Road - Nerul","Joint Venture","India","Navi Mumbai","Maharashtra","400706","PUNJAB AND MAHARASHTRA CO-OPERATIVE BANK, Navi Mumbai","[19.04327,73.00869]","",""
"8648500","Manipal","Joint Venture","India","Manipal","Karnataka","576104","Ganesh Milk Bar, Udupi","[13.35327,74.79107]","",""
"8692300","Inner Circle Jamshedpur","Joint Venture","India","Jamshedpur","Jharkhand","831002","13644 Inner Circle Road, Jamshedpur","[22.79997,86.17490]","",""
"8721400","Unity Crown Sangli","Joint Venture","India","Sangli Miraj Kupwad","Maharashtra","416414","Sangli Miraj Road, Hanuman Mandir, Wanle, Miraj","[16.84191,74.61235]","",""
"8746800","Delhi Jim corbett highway","Joint Venture","India","Salarpur","Uttar Pradesh","244235","Delhi Road, Dhanaura","[28.83836,78.27756]","",""
"8781300","Sai Baba Colony","Joint Venture","India","Coimbatore","Tamil Nadu","641043","36B-1 Bharathi Park 7th Cross Road, Coimbatore","[11.01953,76.94001]","",""
"8800100","Brookfield Mall Coimbatore","Joint Venture","India","Coimbatore","Tamil Nadu","641001","67-71 Dr Krishnaswamy Mudliar Road, Coimbatore","[11.00939,76.95905]","",""
"8891600","Coimbatore Airport","Joint Venture","India","Coimbatore","Tamil Nadu","641062","Airport Road, Peelamedu, Pudur Main Road, Coimbatore","[11.03066,77.03932]","",""
"8901500","Bagmane Solarium","Joint Venture","India","Bengaluru","Karnataka","560037","Unit No R-04, Bagmane Solarium City, Bangalore","[12.97102,77.70950]","",""
"8910700","Coimbatore - Salem Highway","Joint Venture","India","Vadamugam Kangayapalayam","Tamil Nadu","638751","NH544, Avanashi","[11.21203,77.44090]","",""
"8911300","Bangalore Domestic Departures","Joint Venture","India","Bengaluru","Karnataka","562300","Devanahalli Airport Road, Devanahalli","[13.20075,77.70912]","",""
"8964500","Avenue Radial Road","Joint Venture","India","Chennai","Tamil Nadu","600117","200 Ft Radial Road, Chennai","[12.94917,80.18946]","",""
"8973700","Bagmane Constellation","Joint Venture","India","Bengaluru","Karnataka","560048","Doddanekkundi, Bengaluru, Mahadevapura","[12.98141,77.69680]","",""
"8983200","Expressway Mysore Bangalore","Joint Venture","India","Nidaghatta","Karnataka","571433","Bangalore Mysore Road, Maddur","[12.62579,77.10018]","",""
"8979300","Apollo Nanakramguda","Joint Venture","India","Hyderabad","Telangana","500032","Narsing Nanakramguda Service Rd, Hyderabad","[17.41675,78.35511]","",""
"9089200","Domestic Departures Patna","Joint Venture","India","Patna","Bihar","800014","Shaheed Pir Ali Khan Marg, Patna","[25.59372,85.09078]","",""
"1006821","Inorbit Vashi","Joint Venture","India","Navi Mumbai","Maharashtra","400703","Ground Floor, Inorbit Mall, Navi Mumbai","[19.06575,73.00096]","",""
"1032949","Amritsar Delhi Highway","Joint Venture","India","Jandiala Rural","Punjab","143115","National Highway 1, Near Amritsar Haveli, Amritsar Sub-District","[31.57252,75.01563]","+91 88004 33681",""
"1056106","Dhanraj Mahal","Joint Venture","India","Mumbai","Maharashtra","400001","Chhatrapati Shivaji Maharaj Marg, Mumbai","[18.92416,72.83338]","",""
"1051507","Gulmohar road Juhu","Joint Venture","India","Mumbai","Maharashtra","400056","Gulmohar Road, Mumbai","[19.10467,72.83664]","",""
"1031470","LP Savani","Joint Venture","India","Surat","Gujarat","395009","Dr Vikram Sarabhai Marg, Surat","[21.19237,72.78727]","",""
"92340","Taj Palace","Joint Venture","India","Mumbai","Maharashtra","400001","Hotel Taj Mahal Palace, Apollo Bunder, Mumbai","[18.92147,72.83243]","",""
"92007","Fort","Joint Venture","India","Mumbai","Maharashtra","400001","Elphinstone Building, Horniman Circle, Mumbai","[18.93230,72.83409]","",""
"92339","Oberoi Mall","Joint Venture","India","Mumbai","Maharashtra","400065","Off Western Express Highway, Mumbai","[19.17406,72.86053]","",""
"116474","Infinity Mall Malad","Joint Venture","India","Mumbai","Maharashtra","400064","Upper Ground Floor, Infiniti Mall, Mumbai","[19.18493,72.83422]","",""
"116610","Select CityWalk","Joint Venture","India","New Delhi","New Delhi","110017","Ground Floor, New Delhi","[28.52858,77.21900]","",""
"1005337","Korum","Joint Venture","India","Thane","Maharashtra","400606","Upper Ground Level, Korum Mall, Mumbai","[19.20265,72.96553]","",""
"1005335","GK 1","Joint Venture","India","New Delhi","New Delhi","110048","M Block Market, New Delhi","[28.54965,77.23641]","",""
"8643500","Oberoi Sky City Mall","Joint Venture","India","Mumbai","Maharashtra","400066","Dattapada Road, Borivali East","[19.22232,72.86400]","",""
"1005441","Ambience Island","Joint Venture","India","Gurugram","Haryana","122002","Ground Floor, Ambience Mall, Gurgaon","[28.50391,77.09743]","",""
"1006242","Backstage Building","Joint Venture","India","Mumbai","Maharashtra","400054","Grd Flr Red Chillies Entertainment Bldg, Mumbai","[19.07568,72.83174]","",""
"1006243","DLF Cyber Hub","Joint Venture","India","Gurugram","Haryana","122002","Ground Floor, Gurgaon","[28.49549,77.08885]","",""
"1006293","Phoenix Marketcity Pune","Joint Venture","India","Pune","Maharashtra","411014","Ground floor, Phoenix Market City, Pune","[18.56217,73.91699]","",""
"1006313","Netaji Subhash Place","Joint Venture","India","New Delhi","New Delhi","110034","Ground Floor, HB Twin Towers, New Delhi","[28.69311,77.15194]","",""
"1006818","Lower Parel - High Street Phoe","Joint Venture","India","Mumbai","Maharashtra","400013","First floor, High Street Phoenix Mall, Mumbai","[18.99500,72.82456]","",""
"1006847","EON Tech Park","Joint Venture","India","Pune","Maharashtra","411014","Ground Floor, EON Free Zone, Cluster A, Pune","[18.55120,73.95112]","",""
"1006850","Infinity Mall Andheri","Joint Venture","India","Mumbai","Maharashtra","400053","Ground Floor Infiniti Mall, Mumbai","[19.14130,72.83088]","",""
"1006859","Nirmal Building","Joint Venture","India","Mumbai","Maharashtra","400021","Ground Floor, Shree Nirmal Building, Mumbai","[18.92760,72.82198]","",""
"1008301","Seasons","Joint Venture","India","Pune","Maharashtra","411013","First Floor, Seasons Mall, Pune","[18.51923,73.93139]","",""
"1008699","DLF Mall of India","Joint Venture","India","Noida","Uttar Pradesh","201301","Sector 18, Noida, Noida","[28.57083,77.32380]","",""
"1009477","R K Puram","Joint Venture","India","New Delhi","New Delhi","110022","Sangam Courtyard, New Delhi","[28.57266,77.17353]","",""
"1011414","DLF Promenade","Joint Venture","India","New Delhi","New Delhi","110070","First Floor, DLF Promenade, New Delhi","[28.54257,77.15572]","",""
"1011446","Vatika Business Park","Joint Venture","India","Gurugram","Haryana","122018","Grd Flr, Block C, Vatika Business Park, Gurgaon","[28.40609,77.04524]","",""
"1016965","T2 International Departure Mum","Joint Venture","India","Mumbai","Maharashtra","400099","Terminal 2, International Departures, Mumbai","[19.10263,72.87278]","",""
"1017476","Candor TechSpace","Joint Venture","India","Gurugram","Haryana","122016","Sector 21, Gurgaon","[28.51053,77.07153]","",""
"1018000","Seawoods Grand Central","Joint Venture","India","Navi Mumbai","Maharashtra","400706","L&T Seawoods, Seawoods railway station, Mumbai","[19.02196,73.01930]","",""
"1019329","Yamuna Express","Joint Venture","India","Greater Noida","Uttar Pradesh","201310","Taste Express, Yamuna Expressway, Noida","[28.45318,77.49251]","",""
"1019391","Galleria Market","Joint Venture","India","Gurugram","Haryana","122009","DLF Phase IV, Gurgaon","[28.46728,77.08200]","",""
"1019368","Khan Market","Joint Venture","India","New Delhi","New Delhi","110003","Khan Market, New Delhi, New Delhi","[28.60026,77.22675]","",""
"1019684","The Walk - Mumbai","Joint Venture","India","Thane","Maharashtra","400607","Ground Floor, Hiranandani Estates, Thane, Mumbai","[19.25912,72.98445]","",""
"1019718","UKN Miraya","Joint Venture","India","Bengaluru","Karnataka","560066","Whitefield, Bangalore","[12.95695,77.73197]","",""
"1032765","Sindhu Bhavan Road","Joint Venture","India","Ahmedabad","Gujarat","380059","Sindhu Bhavan Marg, Ahmedabad","[23.04390,72.48192]","",""
"1020915","Green Park","Joint Venture","India","New Delhi","New Delhi","110016","Main Market, Delhi NCR","[28.55778,77.20247]","",""
"1021694","Park Mansion","Joint Venture","India","Kolkata","West Bengal","700016","Kolkata, Kolkata","[22.54812,88.35904]","",""
"1021699","VR Chennai","Joint Venture","India","Chennai","Tamil Nadu","600040","Anna Nagar, Chennai","[13.08037,80.19804]","",""
"1021697","Pavillion Mall","Joint Venture","India","Pune","Maharashtra","411016","TBD, Pune","[18.53385,73.82975]","",""
"1021700","Maker Maxity","Joint Venture","India","Mumbai","Maharashtra","400051","BKC Road, Mumbai","[19.05470,72.85110]","",""
"1023597","Solitaire Corporate Park","Joint Venture","India","Mumbai","Maharashtra","400093","Andheri East, Mumbai","[19.11192,72.86083]","",""
"1023611","Kammanahali","Joint Venture","India","Bengaluru","Karnataka","560043","Kalyan Nagar, Bangalore","[13.01788,77.64283]","",""
"1023644","Chembur","Joint Venture","India","Mumbai","Maharashtra","400074","Off Central Avenue Road, Mumbai","[19.03280,72.89640]","",""
"1053704","Thrissur","Joint Venture","India","Thrissur","Kerala","680005","Mundassery Road, Thrissur","[10.52115,76.23140]","",""
"1024707","Pune Mumbai Highway","Joint Venture","India","Dahivati Tarf Boreti","Maharashtra","410203","Pune - Mumbai Expressway, Khopoli","[18.78967,73.29338]","",""
"1033116","Guwahati Airport Arrival","Joint Venture","India","Guwahati","Assam","781015","New Airport Road, Guwahati","[26.10559,91.58825]","",""
"1024839","Eon Tech 2","Joint Venture","India","Pune","Maharashtra","411014","Eon Free Zone Rd, Pune","[18.55270,73.95081]","",""
"1031310","Panampilly Nagar","Joint Venture","India","Kochi","Kerala","682036","Panampilly Nagar 9th Cross Road, Ernakulam","[9.96102,76.29598]","",""
"1007421","Prabhadevi","Joint Venture","India","Mumbai","Maharashtra","400030","Upper Ground Floor, Century Bhavan, Mumbai","[19.01265,72.82363]","",""
"1008781","Inorbit Cyberabad","Joint Venture","India","Hyderabad","Telangana","500081","Lower Ground Floor, Inorbit Mall, Hyderabad","[17.43409,78.38682]","",""
"1010018","Kokilaben Hospital","Joint Venture","India","Mumbai","Maharashtra","400053","Kokilaben Dhirubhai Ambani Hospital, Mumbai","[19.13123,72.82475]","",""
"1025642","Embassy Tech Village","Joint Venture","India","Bengaluru","Karnataka","560103","Outer Ring Road, Devarabisanahalli, Bengaluru","[12.93397,77.69252]","",""
"1025766","International Business Centre","Joint Venture","India","Surat","Gujarat","395007","Surati Bazaar, Dumas Road, Surat","[21.15796,72.76918]","",""
"1025771","Saigon City Lights","Joint Venture","India","Surat","Gujarat","395007","Off Parle Point, City Light, Surat","[21.17251,72.79392]","",""
"1028569","Malhar Road","Joint Venture","India","Ludhiana","Punjab","141001","Sarabha Nagar, Ludhiana","[30.89502,75.82184]","",""
"1026169","Hiranandani Meadows","Joint Venture","India","Thane","Maharashtra","400607","Gladys Alwares Road, Mumbai","[19.22794,72.97025]","",""
"1026168","New Cuffe Parade, Wadala","Joint Venture","India","Mumbai","Maharashtra","400037","Near Imax Dome, Eastern Freeway, Mumbai","[19.03635,72.87894]","",""
"1026333","Advant Noida","Joint Venture","India","Noida","Uttar Pradesh","201304","Plot #7, Noida-Greater Noida Expy, Noida","[28.50073,77.41012]","",""
"1026465","Mumbai Nasik Highway","Joint Venture","India","Asangaon","Maharashtra","421601","Asangaon, Mumbai - Nasik Highway, Mumbai","[19.44271,73.30243]","",""
"1026469","Kalyani Nagar","Joint Venture","India","Pune","Maharashtra","411006","Central Avenue Road, Pune","[18.54663,73.90312]","",""
"1026468","Marina Mall - Chennai","Joint Venture","India","Egattur","Tamil Nadu","600130","Old Mahabalipuram Road, Egattur, Chennai","[12.83635,80.22919]","",""
"1033391","Chandavarkar Road","Joint Venture","India","Mumbai","Maharashtra","400092","Roshan Nagar Marg, Mumbai","[19.23235,72.85265]","",""
"1026796","Park Square Mall","Joint Venture","India","Bengaluru","Karnataka","560066","Whitefield Main Rd., Bangalore","[12.98726,77.73645]","",""
"1027215","Mani Square Mall","Joint Venture","India","Kolkata","West Bengal","700054","206, Maniktala Main Rd, Kadapara, Kolkata","[22.57794,88.40094]","",""
"1027260","Prestige Trade Tower","Joint Venture","India","Bengaluru","Karnataka","560001","Prestige Trade Tower, Sampangiram Nagar, Bangalore","[12.98585,77.58764]","",""
"8784300","Unity Elegante","Joint Venture","India","New Delhi","New Delhi","110034","NSP, Saraswati Vihar","[28.69564,77.15276]","",""
"1027306","Orion Mall","Joint Venture","India","Navi Mumbai","Maharashtra","410206","Forest Colony, Panvel, Navi Mumbai, Navi Mumbai","[18.99331,73.11549]","",""
"1027337","Koramangala 80ft. Rd.","Joint Venture","India","Bengaluru","Karnataka","560034","Koramangala, Bangalore","[12.93231,77.63160]","",""
"1027338","Hyderabad Airport, Arrivals","Joint Venture","India","Hyderabad","Telangana","500108","Rajiv Gandhi International Airport, Hyderabad","[17.23668,78.42946]","",""
"1043467","Pune Bengaluru Highway","Joint Venture","India","Kolhapur","Maharashtra","416004","Service Road, Kolhapur","[16.68711,74.27261]","",""
"1043535","Utsav Chowk Kharghar","Joint Venture","India","Navi Mumbai","Maharashtra","410210","1102 Kharghar Golf Course Road, Navi Mumbai","[19.04251,73.06404]","",""
"1031321","Vapi","Joint Venture","India","Vapi","Gujarat","396195","Surat - Mumbai Highway, Vapi","[20.37402,72.92020]","",""
"1031322","Ghatkopar East","Joint Venture","India","Mumbai","Maharashtra","400077","R. B. Mehta Marg, Mumbai","[19.07728,72.90712]","",""
"1027866","Zirakhpur","Joint Venture","India","Mohali","Punjab","140603","Ambala Chandigarh National Highway, Ziraphpur","[30.61973,76.82431]","",""
"1028183","Phoenix Marketcity - Lucknow","Joint Venture","India","Lucknow","Uttar Pradesh","226002","Sector 7, Gomti Nagar Extension, Lucknow","[26.80862,81.01279]","",""
"1028207","Gomti Nagar","Joint Venture","India","Lucknow","Uttar Pradesh","226010","Vibhuti Khand, Gomti Nagar, Lucknow","[26.86331,81.00999]","",""
"1028214","Worldmark Gurgaon","Joint Venture","India","Gurugram","Haryana","122101","Worldmark Gurgaoin, Sector 65, Gurgaon","[28.39741,77.07202]","",""
"1028338","DLF Cyber Park","Joint Venture","India","Gurugram","Haryana","122016","DLF Cyber Park, Undyog Vihar Phase 2, Gurgaon","[28.50319,77.08989]","",""
"1028584","Sector 5, Panchkula","Joint Venture","India","Panchkula","Haryana","134109","Sector 5, Panchkula, Panchkula","[30.69671,76.85734]","",""
"1028787","X Cube (Fun Republic)","Joint Venture","India","Mumbai","Maharashtra","400053","Opp To New Link Road, Andheri West, Mumbai","[19.13566,72.83298]","",""
"1029546","Thakur Village","Joint Venture","India","Mumbai","Maharashtra","400101","Thakur Village, Mumbai","[19.20902,72.87266]","",""
"1029635","Jio World Drive","Joint Venture","India","Pirmaker","Bihar","841215","Bandra Kurla Complex, Mumbai","[25.95868,85.02890]","",""
"1029866","CBD Belapur","Joint Venture","India","Navi Mumbai","Maharashtra","400614","Palm Beach Road, CBD Belapur, Mumbai","[19.01203,73.03470]","",""
"1030034","CMH Road","Joint Venture","India","Bengaluru","Karnataka","560038","Defence Colony, Indiranagar, Bangalore","[12.97840,77.64504]","",""
"1030216","TWC Banjara Hills","Joint Venture","India","Hyderabad","Telangana","500073","Road Number 2 Banjara Hills, Hyderabad","[17.42467,78.43271]","",""
"1030309","Pacific Mall","Joint Venture","India","New Delhi","New Delhi","110018","Subhash Nagar, New Delhi","[28.64256,77.10629]","",""
"1030625","Hazratganj","Joint Venture","India","Lucknow","Uttar Pradesh","226001","Sapru Marg, Lucknow","[26.85314,80.94795]","",""
"1032191","Inorbit Vadodara","Joint Venture","India","Vadodara","Gujarat","390023","Subhanpura Inorbit Mall Road, Vadodara","[22.32228,73.16551]","",""
"1032192","Khalsa College","Joint Venture","India","Mumbai","Maharashtra","400019","202/472 No 33 Road, Mumbai","[19.02569,72.85632]","",""
"1032222","Sunview Enclave","Joint Venture","India","Ludhiana","Punjab","142027","Sunview Enclave Market, Ludhiana","[30.89996,75.76208]","",""
"1032732","Diamond Enclave","Joint Venture","India","Thiruvananthapuram","Kerala","695010","Vellayamballam, Vazhuthacaud Road, Thiruvananthapuram","[8.51097,76.96284]","",""
"1033106","Brahmaputra river front","Joint Venture","India","Guwahati","Assam","781001","Mahatma Gandhi Road, Guwahati","[26.18848,91.74183]","",""
"1033105","Malcha Marg","Joint Venture","India","New Delhi","New Delhi","110021","Diplomatic Enclave Block C Road, New Delhi","[28.60222,77.18620]","",""
"1033136","Harrington Road","Joint Venture","India","Chennai","Tamil Nadu","600031","Harrington Road, Chennai","[13.06914,80.23761]","",""
"1033138","Kochi Bypass","Joint Venture","India","Kochi","Kerala","682032","NH Bypass Vennala, Ernakulam","[9.99109,76.31501]","",""
"1033118","Banjara Hills","Joint Venture","India","Hyderabad","Telangana","500028","Banjara Hills No 12 Road, Hyderabad","[17.40733,78.44358]","",""
"1033132","Goa Airport Arrival","Joint Venture","India","Mormugao","Goa","403801","Goa International Airport, Mormugao","[15.38525,73.83688]","",""
"1033135","Model Town, Jalandhar","Joint Venture","India","Jalandhar","Punjab","144001","S Darshan Singh Kay Pee Marg, Jalandhar","[31.30489,75.57859]","",""
"1033194","Hilite Mall","Joint Venture","India","Kozhikode","Kerala","673014","Calicut Bypass, Poovangal, Kozhikode","[11.24834,75.83325]","",""
"1033198","Jaipur Departure","Joint Venture","India","Jaipur","Rajasthan","302029","Jaipur Airport, Jaipur","[26.82881,75.80636]","",""
"1033223","Shimla Highway","Joint Venture","India","Manjher","Himachal Pradesh","173209","NH-22, Shimla Highway,Next to Fern Hotel, Dharampur","[30.88796,77.00396]","",""
"1033197","Jaipur Arrivals","Joint Venture","India","Jaipur","Rajasthan","302029","Airport Road, Jaipur","[26.82883,75.80519]","",""
"1033203","Maruti Solaris Mall","Joint Venture","India","Anand","Gujarat","388120","Anand Sojitra Road, Anand","[22.54185,72.94725]","",""
"1033745","Bhupindra Road","Joint Venture","India","Patiala","Punjab","147001","Bhupindra Road, Patiala","[30.34377,76.37880]","",""
"1043046","AS Rao Nagar","Joint Venture","India","Secunderabad","Telangana","500094","7 Admiral Katari Marg, Sainkpuri Road, Hyderabad","[17.48454,78.54811]","",""
"1043074","Iris Broadway","Joint Venture","India","Gurugram","Haryana","122012","Sector 85 Main Road, Gurugram","[28.40304,76.94807]","",""
"1043181","Sahakar Nagar","Joint Venture","India","Bengaluru","Karnataka","560092","1st Main Road, Bengaluru","[13.06023,77.58759]","",""
"1043208","Goa T2 Domestic Departure","Joint Venture","India","Mopa","Goa","403512","Goa International Airport, Pernem","[15.74475,73.85240]","",""
"1043706","7 Food Court","Joint Venture","India","Pillala Marri Rural","Telangana","508376","Hyderabad to Vijayawada Highway, Suryapet Sub-District","[17.15064,79.57699]","",""
"1043740","Spectrum, Noida","Joint Venture","India","Noida","Uttar Pradesh","201316","Service Road, Noida","[28.57315,77.37898]","",""
"1044273","Bizzone Aurangabad","Joint Venture","India","Aurangabad","Maharashtra","431003","Bombay Mercantile Bank-N5 Cidco, Aurangabad","[19.87668,75.36305]","",""
"1044784","Karnal, Haveli","Joint Venture","India","Dadupur","Haryana","132116","SERVICE Road, Karnal","[29.75644,76.96872]","",""
"1044785","Lonavla Market","Joint Venture","India","Lonavala","Maharashtra","410403","Bus Stand Road, Lonavala","[18.75399,73.40595]","",""
"1044813","Hyderabad Domestic Departures","Joint Venture","India","Hyderabad","Telangana","500108","Airport Road, Hyderabad","[17.23497,78.42872]","",""
"1045061","CP 67 Mall, Mohali","Joint Venture","India","Mohali","Punjab","160062","SERVICE Road, Mohali","[30.67814,76.72278]","",""
"1045075","Pebbles Faridabad","Joint Venture","India","Faridabad","Haryana","121007","SERVICE Road, Faridabad","[28.38593,77.31411]","",""
"1045049","Binge Central NOIDA","Joint Venture","India","Noida","Uttar Pradesh","201309","Sector 63 NOIDA, Noida","[28.62117,77.35583]","",""
"1045070","Shantiniketan Mall","Joint Venture","India","Bengaluru","Karnataka","560048","I T P L Main Road, Bengaluru","[12.98963,77.72806]","",""
"1045076","Shipra Mall","Joint Venture","India","Ghaziabad","Uttar Pradesh","201014","Shipra Mall, Ghaziabad","[28.63422,77.37057]","",""
"1045080","Meerut Expressway","Joint Venture","India","Didwari","Uttar Pradesh","201206","SERVICE Road, Ghaziabad Sub-District","[28.73451,77.55803]","",""
"1045122","MLCP Pune Airport","Joint Venture","India","Pune","Maharashtra","411032","Symbiosis Road, Pune","[18.57793,73.90770]","",""
"1045189","Pathankot Highway","Joint Venture","India","Itti","Punjab","145023","NH-44, Pathankot Sub-District","[32.28705,75.59713]","",""
"1049220","Bollywood gully","Joint Venture","India","Karala","Punjab","140601","Chandigarh Road, Rajpura Sub-District","[30.57594,76.74160]","",""
"1050573","VIP Road, Agra","Joint Venture","India","Agra","Uttar Pradesh","282006","Taj Mahal Road, Agra","[27.16173,78.05899]","",""
"1051216","BIAL T2 International Departur","Joint Venture","India","Bengaluru","Karnataka","560300","Parking 1, Bengaluru","[13.19845,77.71862]","",""
"1051257","Phoenix Mall of Millenium","Joint Venture","India","Pune","Maharashtra","411057","Wakad, Mulshi","[18.60011,73.75696]","",""
"1052026","Bangalore Hyderabad Highway","Joint Venture","India","Yalagalahalli","Karnataka","562104","AH43, Chik Ballapur Sub-District","[13.60550,77.78678]","",""
"1052051","Mall of Asia","Joint Venture","India","Bengaluru","Karnataka","560092","Byatarayanapura, Bellary Road, Bengaluru","[13.07131,77.59178]","",""
"1052526","Park Plaza Jodhpur","Joint Venture","India","Jodhpur","Rajasthan","342011","Air Force Road, Jodhpur","[26.26850,73.03819]","",""
"1052558","R Mall Thane","Joint Venture","India","Thane","Maharashtra","400607","SERVICE Road, Thane","[19.23029,72.97706]","",""
"1053107","Inorbit -2 Hyderabad","Joint Venture","India","Hyderabad","Telangana","500081","Inorbit Mall, Hyderabad","[17.43487,78.38672]","",""
"1053611","Green city","Joint Venture","India","Bathinda","Punjab","151001","Dabwali Road, Bathinda","[30.16446,74.92311]","",""
"1053698","Delhi T1D - Lvl 5","Joint Venture","India","New Delhi","New Delhi","110037","Airport Road, New Delhi","[28.56431,77.11970]","",""
"1053664","Interface, Malad","Joint Venture","India","Mumbai","Maharashtra","400064","Param Ishwar Jimmy Nagputra Yogiraj Marg, Mumbai","[19.18452,72.83005]","",""
"1053690","Loudon Street","Joint Venture","India","Kolkata","West Bengal","700017","Belle Vue Clinic, Kolkata","[22.54276,88.35558]","",""
"1053727","Mannat Haveli","Joint Venture","India","Sonipat","Haryana","131039","Service Road, Ganaur Sub-District","[29.06575,77.06307]","",""
"1053736","Lanka Varanasi","Joint Venture","India","Varanasi","Uttar Pradesh","221005","Lanka Nagwa Road, Varanasi","[25.27769,83.00555]","",""
"1053746","Sector 18","Joint Venture","India","Noida","Uttar Pradesh","201301","Samsung smart Cafe, Noida","[28.57145,77.32415]","",""
"1054265","Vivera Food Court","Joint Venture","India","Gopalayapalli","Telangana","508254","Chityala Main Road, Narketpalle","[17.21150,79.16686]","",""
"1054266","Kompally","Joint Venture","India","Secunderabad","Telangana","500100","Service Road, Secunderabad","[17.53036,78.48822]","",""
"1054289","Delhi Mumbai Expressway 172 LH","Joint Venture","India","Dhigariya Tappa Koleshwar","Rajasthan","303304","Delhi to Jaipur, Baswa","[26.96218,76.49968]","",""
"1054290","Delhi Mumbai Expressway 172 RH","Joint Venture","India","Dhigariya Tappa Koleshwar","Rajasthan","303325","Jaipur to Delhi, Baswa","[26.96333,76.49759]","",""
"1054392","Kudasan Gandhinagar","Joint Venture","India","Gandhinagar","Gujarat","382419","Service Road, Gandhinagar","[23.18510,72.63042]","",""
"1054428","Delhi Mumbai Expressway 63 LHS","Joint Venture","India","Rawa","Haryana","122104","Delhi to Jaipur, Ferozepur Jhirka","[27.79135,77.00983]","",""
"1054393","Kalawad Road, Rajkot","Joint Venture","India","Rajkot","Gujarat","360001","Kalavad Road, Rajkot","[22.29129,70.78052]","",""
"1054975","Pimple Saudagar Pune","Joint Venture","India","Pune","Maharashtra","411027","IDFC FIRST Bank-Pimple Saudagar, Pune","[18.59616,73.79766]","",""
"1054999","Crystal Haridwar","Joint Venture","India","Badheri Rajputan","Uttarakhand","249405","Highway, Roorkee Sub-District","[29.89971,77.98487]","",""
"1056161","Kiratpur, Manali-Chandigarh Hi","Joint Venture","India","Bara Pind","Punjab","140114","Chandigarh Una Road, Rupnagar Sub-District","[31.11023,76.59670]","",""
"8502400","WEH  Metro Station","Joint Venture","India","Mumbai","Maharashtra","400093","A K Road, Mumbai","[19.11595,72.85641]","",""
"8505000","DLF Cyber Green","Joint Venture","India","Gurugram","Haryana","122002","DLF Cyber Green Tower D, Gurugram","[28.49336,77.09228]","",""
"8505200","Mall of Dehradun","Joint Venture","India","Dehradun","Uttarakhand","248005","Haridwar Road, Dehradun","[30.26683,78.08193]","",""
"8507700","WP arena, Prayagraj","Joint Venture","India","Prayagraj","Uttar Pradesh","211001","R1/1078 Lal Bahadur Shastri Marg, Prayagraj","[25.45280,81.83425]","",""
"8605500","Metro Junction Mall","Joint Venture","India","Kalyan","Maharashtra","421306","H and A, Gopal Krishna Nagar","[19.22881,73.12308]","",""
"8620200","Shirdi","Joint Venture","India","Shirdi","Maharashtra","423109","Shirdi Bypass, Shirdi","[19.77024,74.47417]","",""
"8615500","Vyapar Vihar , Bilaspur","Joint Venture","India","Vinoba Nagar","Chhattisgarh","495004","Punjab National Bank, Vinoba Nagar","[22.06594,82.15075]","",""
"8615700","Sarova Thakur Village","Joint Venture","India","Mumbai","Maharashtra","400101","Shyamnarayan Thakur Marg, Mumbai","[19.20580,72.86789]","",""
"8619700","Una Highway","Joint Venture","India","Una","Himachal Pradesh","174306","MARUTI SUZUKI Trinity Auto Fast Engineer, Una","[31.45728,76.30721]","",""
"8623500","Hisar Highway","Joint Venture","India","Depal","Haryana","125033","NH9, Hansi","[29.09915,75.90676]","",""
"8622000","New Pune Airport Domestic Dep","Joint Venture","India","Pune","Maharashtra","411032","New Airport Rd, Pune International Airpo, Haveli","[18.57934,73.91090]","",""
"8675100","Kranti Chowk","Joint Venture","India","Aurangabad","Maharashtra","431005","Kranti Chowk, Konkanwadi","[19.87248,75.32809]","",""
"8676600","Nellore","Joint Venture","India","Nellore","Andhra Pradesh","524003","Sai Manikaya Residency, Ravindra Nagar","[14.43091,79.97729]","",""
"8685500","DLF Taramani","Joint Venture","India","Chennai","Tamil Nadu","600113","Taramani High road, Chennai","[12.98320,80.24872]","",""
"8685100","JP Nagar 2","Joint Venture","India","Bengaluru","Karnataka","560041","Aashraya Pg For Ladies, JP Nagar","[12.91661,77.59248]","",""
"8686200","Khajaguda","Joint Venture","India","Hyderabad","Telangana","500075","Uma Hillcrest Apartment, NA Khaja Guda R, Hyderabad","[17.41864,78.37148]","",""
"8764200","Gateway - Lakeshore Mall","Joint Venture","India","Hyderabad","Telangana","500072","Kukatpally Road, Hyderabad","[17.47711,78.42285]","",""
"8770900","IIT Kanpur","Joint Venture","India","Kanpur","Uttar Pradesh","208016","IIT Kanpur, Academic Block, Kalyanpur Kanpur","[26.51084,80.23486]","",""
"8850300","Rudrapur Highway","Joint Venture","India","Nayagaon","Uttar Pradesh","244923","NH9, Bilaspur","[28.90552,79.29508]","",""
"8853500","Punjabi Bagh","Joint Venture","India","New Delhi","New Delhi","110026","Club road, West Delhi","[28.66656,77.12470]","",""
"8917600","Rajkot Airport","Joint Venture","India","Hirasar","Gujarat","363520","Hirasar, Rajkot","[22.38202,71.03207]","",""
"8948000","PVP SQUARE MALL","Joint Venture","India","Vijayawada","Andhra Pradesh","520010","MG ROAD, Laabi Pet Vijayawada","[16.50274,80.64251]","",""
"1011485","Anna Nagar","Joint Venture","India","Chennai","Tamil Nadu","600040","TBR tower, Y block, 2nd Avenue, Chennai","[13.08507,80.21242]","",""
"8649000","Electronic City DT","Joint Venture","India","Bengaluru","Karnataka","560100","Neeladri Road, Bengaluru South","[12.84067,77.65591]","",""
"1051304","Dwaraka Nagar","Joint Venture","India","Visakhapatnam","Andhra Pradesh","530016","Dwarakanagar Main road, Visakhapatnam","[17.72838,83.30640]","",""
"1031477","Ambala Delhi Highway","Joint Venture","India","Ambala","Haryana","133004","Pharoli Rd, Mohra, Ambala","[30.26074,76.85401]","",""
"1053553","Urmi Estate, Lower Parel","Joint Venture","India","Mumbai","Maharashtra","400013","101 Ganpatrao Marg, Mumbai","[18.99776,72.82879]","",""
"1053557","Mira Road","Joint Venture","India","Mira Bhayandar","Maharashtra","401107","Mira Road, Mira Bhayander, Mumbai","[19.26816,72.87562]","",""
"113937","Powai","Joint Venture","India","Mumbai","Maharashtra","400076","Prudential Bldg Hiranandani Bus Park, Mumbai","[19.11628,72.90968]","",""
"113948","T3 Domestic Departure","Joint Venture","India","New Delhi","New Delhi","110037","Domestic Departure, New Delhi","[28.55771,77.09750]","",""
"113947","T3 International Departure","Joint Venture","India","New Delhi","New Delhi","110037","International Departure, New Delhi","[28.55632,77.10250]","",""
"116388","Vasant Kunj - Ambience Mall","Joint Venture","India","New Delhi","New Delhi","110070","1st Floor, Ambience Mall, New Delhi","[28.54077,77.15508]","",""
"116390","Rcity","Joint Venture","India","Mumbai","Maharashtra","400086","Gound Floor, R City Mall, Mumbai","[19.09974,72.91638]","",""
"116421","Mumbai Domestic Arrival","Joint Venture","India","Mumbai","Maharashtra","400099","Domestic Arrivals, Mumbai","[19.09197,72.85606]","",""
"1005998","Koregaon Park","Joint Venture","India","Pune","Maharashtra","411001","1 Galaxy Gardens, Pune","[18.53934,73.88696]","",""
"1006041","Bandra West - Chapel road","Joint Venture","India","Mumbai","Maharashtra","400050","Reclamation, Chapel Road, Mumbai","[19.05054,72.82713]","",""
"1006430","Aundh","Joint Venture","India","Pune","Maharashtra","411067","Ground floor, Centriole, Pune","[18.55665,73.80877]","",""
"1006862","GK 2","Joint Venture","India","New Delhi","New Delhi","110048","Ground Floor, M-11, New Delhi","[28.53408,77.24283]","",""
"1006891","Girgaon Chowpatty","Joint Venture","India","Mumbai","Maharashtra","400007","Shree Krishna Hindu Merchant Club, Mumbai","[18.95630,72.81192]","+91 91782 40383",""
"1007438","Forum Sujana","Joint Venture","India","Hyderabad","Telangana","500085","Upper Ground Floor, Forum Sujana Mall, Hyderabad","[17.48416,78.38930]","",""
"1032671","Sector 17 Vashi","Joint Venture","India","Navi Mumbai","Maharashtra","400703","Tanaji Malusare Marg, Navi Mumbai","[19.07201,72.99834]","",""
"1008782","T2 Mumbai Aiprot Departure","Joint Venture","India","Mumbai","Maharashtra","400099","T2 Departure SHA, Level P9, Mumbai","[19.09599,72.87547]","",""
"1008784","JP Nagar","Joint Venture","India","Bengaluru","Karnataka","560092","#15/16, LA Classic Building, 100 Feet Ri, Bangalore","[12.90601,77.59377]","",""
"1009750","FC Road","Joint Venture","India","Pune","Maharashtra","411004","Mosaic Ground Floor West, Pune","[18.52254,73.84124]","",""
"1009769","GVK One Mall","Joint Venture","India","Hyderabad","Telangana","500034","Lower Ground Floor, GVK One, Hyderabad","[17.41940,78.44847]","",""
"1010298","Phoenix MarketCity Mumbai","Joint Venture","India","Mumbai","Maharashtra","400070","First Floor, Phoenix Market City, Mumbai","[19.08638,72.88924]","",""
"1010299","Phoenix Tower","Joint Venture","India","Hyderabad","Telangana","500081","Upper Ground Floor, Phoenix tower A, Hyderabad","[17.44780,78.37897]","",""
"1011504","Express Avenue Mall","Joint Venture","India","Chennai","Tamil Nadu","600014","Ground Floor, Express Avenue Mall, Chennai","[13.05866,80.26407]","",""
"1015284","T3 Domestic Arrivals","Joint Venture","India","New Delhi","New Delhi","110037","IGI Airport, Delhi","[28.56657,77.12376]","",""
"1015283","One Horizon Center","Joint Venture","India","Gurugram","Haryana","122002","Golf Course Road, Gurgaon","[28.47567,77.09379]","",""
"1016345","Sangam Solitaire","Joint Venture","India","Pune","Maharashtra","411038","Sangam Solitaire, Ground Floor, Pune","[18.49885,73.82292]","",""
"1017237","Westend Mall","Joint Venture","India","Pune","Maharashtra","411067","Westend Mall, Harmony Society, Pune","[18.56680,73.80776]","",""
"1017223","Nesco Complex","Joint Venture","India","Mumbai","Maharashtra","400065","Ground Floor Lobby, IT Building 3, Mumbai","[19.16518,72.85836]","",""
"1017256","RMZ Ecoworld","Joint Venture","India","Bengaluru","Karnataka","560103","GF Food court building, Pritech E80 Park, Bangalore","[12.92543,77.68654]","",""
"1017760","BSR Building","Joint Venture","India","Chennai","Tamil Nadu","600097","OMR road, Chenai, Chennai","[12.94596,80.23937]","",""
"1018200","Victoria Mills","Joint Venture","India","Mumbai","Maharashtra","400013","Ground Fl, Smaash, Victoria Mills, Mumbai","[19.00385,72.82742]","",""
"1021492","Commerz II","Joint Venture","India","Mumbai","Maharashtra","400063","Off Western Express Highway, Mumbai","[19.17388,72.86045]","",""
"1021493","Acropolis Mall I","Joint Venture","India","Kolkata","West Bengal","700068","EM Bypass Road, Kolkata","[22.50169,88.36167]","",""
"1021487","South City Mall","Joint Venture","India","Kolkata","West Bengal","700068","Tollygunge, Kolkata","[22.50174,88.36165]","",""
"1021814","Jaya Nagar","Joint Venture","India","Bengaluru","Karnataka","560041","Jaya Nagar Main Road Bangalore, Bangalore","[12.92499,77.59372]","",""
"1021816","Churchgate","Joint Venture","India","Mumbai","Maharashtra","400020","Ram Mahal Building, Jamshedji Tata Road, Mumbai","[18.93112,72.82613]","",""
"1022155","Eurotech Shivaji Park","Joint Venture","India","Mumbai","Maharashtra","400028","Cadel Road, Mumbai","[19.02682,72.83889]","",""
"1022156","MG Road","Joint Venture","India","Bengaluru","Karnataka","560008","MG Road, Bangalore","[12.97271,77.61954]","",""
"1022319","City Center","Joint Venture","India","Kolkata","West Bengal","700064","Kolkata, Kolkata","[22.58828,88.40848]","",""
"1022704","T Nagar","Joint Venture","India","Chennai","Tamil Nadu","600017","T Nagar, Chennai","[13.04050,80.23369]","",""
"1023564","Forum Mall","Joint Venture","India","Kolkata","West Bengal","700020","10/3, Elgin Road, Kolkata","[22.53835,88.35111]","",""
"1023772","Vittal Mallya Road","Joint Venture","India","Bengaluru","Karnataka","560001","Bangalore, Bangalore","[12.97148,77.59550]","",""
"1023776","Turner Road, Bandra West","Joint Venture","India","Mumbai","Maharashtra","400050","Bandra West, Mumbai","[19.05961,72.83177]","",""
"1023787","The Corner - India","Joint Venture","India","Mumbai","Maharashtra","400103","Borivali  West, Mumbai","[19.24617,72.85089]","",""
"1023775","Basant Lok (PVR)","Joint Venture","India","New Delhi","New Delhi","110057","Basant Lok, Vasant Vihar, New Delhi","[28.55745,77.16452]","",""
"1024226","Westside Kala Ghoda","Joint Venture","India","Mumbai","Maharashtra","400001","Army Navy Building, Kala Ghoda, Mumbai","[18.93075,72.83308]","",""
"1024530","Palladium Chennai","Joint Venture","India","Egattur","Tamil Nadu","600130","600130, Egatoor, Chennai","[12.83554,80.22880]","",""
"1033038","Begumpet","Joint Venture","India","Hyderabad","Telangana","500016","Sardar Patel Rd, Begumpet, Hyderabad","[17.44439,78.46654]","",""
"1013351","Tian Star","Joint Venture","India","Mumbai","Maharashtra","400049","Grd Flr, Tian Star, 48 Gulmohar Road, Mumbai","[19.11331,72.83475]","",""
"1013432","Inorbit Mall, Malad","Joint Venture","India","Mumbai","Maharashtra","400104","Ground Floor, Inorbit Mall, Mumbai","[19.17269,72.83544]","",""
"1020122","32nd Milestone","Joint Venture","India","Gurugram","Haryana","122001","Sector 15, Gurugram, Gurugram","[28.46167,77.05000]","",""
"1020801","Runwal Greens - Mumbai","Joint Venture","India","Mumbai","Maharashtra","400080","Mulund Goregaon Link Road, Mumbai","[19.15986,72.94502]","",""
"1024765","Sector 22","Joint Venture","India","Chandigarh","Chandigarh","160022","Himalaya Marg, 22C, Chandigarh","[30.72980,76.77327]","",""
"1025968","Marriott, New Town","Joint Venture","India","New Town","West Bengal","700107","New Town, Kolkata","[22.57909,88.46847]","",""
"1026387","Mall of India 2","Joint Venture","India","Noida","Uttar Pradesh","201301","Plot No - M 03, Sector 18, Noida","[28.56743,77.32106]","",""
"1026455","Platina Gachibowli","Joint Venture","India","Hyderabad","Telangana","500032","Gachibowli, Hyderabad, Hyderabad","[17.44864,78.36331]","",""
"1043085","Ashok Nagar","Joint Venture","India","Chennai","Tamil Nadu","600083","34th Street, 4th Avenue, Ashok Nagar, Chennai","[13.04072,80.21502]","",""
"1052329","Add India Tower, Sector 125","Joint Venture","India","Noida","Uttar Pradesh","201313","Sector 125 Road, Noida","[28.54563,77.32869]","",""
"8556400","Science City Road","Joint Venture","India","Ahmedabad","Gujarat","380060","Science City Road, Daskroi","[23.07809,72.50372]","",""
"1027238","Defence Colony","Joint Venture","India","New Delhi","New Delhi","110024","Block D, Defence Colony, New Delhi","[28.57285,77.23694]","",""
"1027474","Namaste Midway","Joint Venture","India","Jhangirpur","Uttar Pradesh","251203","NH 58, Delhi-Haridwar Highway, Mansurpur","[29.34455,77.71550]","",""
"1031315","Nainitial- Delhi Highway","Joint Venture","India","Salarpur","Uttar Pradesh","244235","AH2, Delhi-NCR","[28.83736,78.27753]","",""
"1027925","Peninsula Corporate Park","Joint Venture","India","Mumbai","Maharashtra","400013","Tulsi Pipe Rd, Lower Parel, Mumbai","[18.99887,72.82568]","",""
"1028241","BIAL Quad","Joint Venture","India","Bengaluru","Karnataka","560300","Quad Area Devanahalli, Bengaluru","[13.20028,77.70945]","",""
"1028274","Vegas Mall","Joint Venture","India","New Delhi","New Delhi","110078","Pocket 1, Sector 14, New Delhi","[28.60087,77.02969]","",""
"1028536","Statue Of Unity","Joint Venture","India","Thavadia","Gujarat","393151","Statue of Unity Campus, Kevadia, Kevadia","[21.83825,73.71886]","",""
"1028654","Lulu Mall Bangalore","Joint Venture","India","Bengaluru","Karnataka","560023","Lulu Global Mall, Gopalapura, Binnipete, Bengaluru","[12.98179,77.56378]","",""
"1028644","Kabra Metro One","Joint Venture","India","Mumbai","Maharashtra","400053","Aram Nagar, Seven Bunglow, Andheri West, Mumbai","[19.13057,72.82218]","",""
"1028679","Ranjit Avenue","Joint Venture","India","Amritsar","Punjab","143001","Ajnala Road, Block-D Scheme, Amritsar","[31.65522,74.85562]","",""
"1028680","Manor Maxx","Joint Venture","India","Ahmedabad","Gujarat","380009","Commerce College Road, Navrangpura, Ahmedabad","[23.03417,72.55512]","",""
"1029441","Berger Tower","Joint Venture","India","Noida","Uttar Pradesh","201301","Sector 16 B, Noida","[28.57441,77.31262]","",""
"1029709","Arera Colony","Joint Venture","India","Bhopal","Madhya Pradesh","462016","Market No. 10, Bhopal","[23.21468,77.43435]","",""
"1029710","DB City Mall","Joint Venture","India","Bhopal","Madhya Pradesh","462011","MP Nagar, Bhopal","[23.23328,77.42966]","",""
"1029712","Indiqube Bellandur","Joint Venture","India","Bengaluru","Karnataka","560103","Bellandur Village, Varthur Hobli, Bangalore","[12.92436,77.67146]","",""
"1029931","Dollars Colony","Joint Venture","India","Bengaluru","Karnataka","560094","R.M.V. 2nd Stage, Bangalore","[13.02747,77.57581]","",""
"1030096","Marol Andheri East","Joint Venture","India","Mumbai","Maharashtra","400059","Andheri Kurla Road, Andheri East, Mumbai","[19.10800,72.88234]","",""
"1030601","Malviya Nagar - Jaipur","Joint Venture","India","Jaipur","Rajasthan","302017","Service Road, Jaipur","[26.85570,75.80587]","",""
"1030600","C Scheme Jaipur","Joint Venture","India","Jaipur","Rajasthan","302001","5A Sardar Patel Marg, Jaipur","[26.91101,75.79526]","",""
"1044942","Vijaya Mall","Joint Venture","India","Chennai","Tamil Nadu","600026","Arcot Road, Chennai","[13.05037,80.20952]","",""
"1031214","Law college Road","Joint Venture","India","Pune","Maharashtra","411038","Law College Road, Pune","[18.51446,73.82878]","",""
"1031219","Panchpakhadi Thane","Joint Venture","India","Thane","Maharashtra","400602","Lal Bahadur Shastri Marg, Thane","[19.18986,72.96537]","",""
"1031247","Bhartiya City Centre","Joint Venture","India","Bengaluru","Karnataka","560064","Thanisandra Main Rd, Kannuru, Bangalore","[13.08321,77.64345]","",""
"1045211","Downtown, Meerut","Joint Venture","India","Meerut","Uttar Pradesh","250001","Divider Road, Meerut","[29.00774,77.74615]","",""
"1031905","Lulu Mall Trivandrum","Joint Venture","India","Thiruvananthapuram","Kerala","695011","Service Road, Thiruvananthapuram","[8.51529,76.89806]","",""
"1031924","Status Building","Joint Venture","India","Nashik","Maharashtra","422002","Dr Babasaheb Ambedkar Marg, Nashik","[19.99137,73.76064]","",""
"1031958","DB Road Miramar","Joint Venture","India","Panaji","Goa","403001","DB Marg, Miramar, Panaji","[15.48746,73.81311]","",""
"1032385","Panchgaon","Joint Venture","India","Gurugram","Haryana","122413","NH 8, Delhi Jaipur Highway, Manesar Sub-District","[28.32244,76.90056]","",""
"1032391","Carter Road","Joint Venture","India","Mumbai","Maharashtra","400052","Union Park Road, Mumbai","[19.07057,72.82270]","",""
"1032374","Lulu Mall Lucknow","Joint Venture","India","Hariharpur","Uttar Pradesh","226030","Golf City, Lucknow","[26.78404,80.99116]","",""
"1032962","Jalandhar Delhi Highway","Joint Venture","India","Khajurla","Punjab","144411","Phagwara, NH 1, Jalandhar","[31.27396,75.68454]","+91 88004 33681",""
"1032973","Golden Temple Complex","Joint Venture","India","Amritsar","Punjab","143006","Amritsar Nagar Nigam Worker Union, Amritsar","[31.62529,74.87866]","",""
"1033025","Garuda Mall","Joint Venture","India","Bengaluru","Karnataka","560025","Magrath Rd, Ashok Nagar, Bengaluru","[12.96978,77.61003]","",""
"1033007","Phoenix Palladium 2","Joint Venture","India","Mumbai","Maharashtra","400013","433 Veer Santaji Marg, Mumbai","[18.99551,72.82502]","",""
"1033026","Atharv Pride - Vile Parle East","Joint Venture","India","Mumbai","Maharashtra","400057","Anant Vaman Vartak Road, Mumbai","[19.09918,72.85121]","",""
"1033031","Dharampeth","Joint Venture","India","Nagpur","Maharashtra","440010","197 Cement Road, Nagpur","[21.13828,79.05818]","",""
"1033453","BLR Airport Domestic Departure","Joint Venture","India","Bengaluru","Karnataka","560300","Kempegowda International Airport Road, Bengaluru","[13.20118,77.70949]","",""
"1033834","Polo Club Road","Joint Venture","India","Udaipur","Rajasthan","313004","C101 Saheli Marg, Udaipur","[24.60531,73.68695]","",""
"1033911","Tanla","Joint Venture","India","Hyderabad","Telangana","500081","The Westin Road, Mindspace, Hyderabad","[17.44258,78.38153]","",""
"1033958","Southern Avenue","Joint Venture","India","Kolkata","West Bengal","700029","Kavi Bharati Sarani, Kolkata","[22.51511,88.35324]","",""
"1033985","Rajpur Road","Joint Venture","India","Dehradun","Uttarakhand","248009","Old Mussoorie Road, Dehradun","[30.37094,78.07666]","",""
"1033988","Currency Tower Raipur","Joint Venture","India","Raipur","Chhattisgarh","492001","Service Road, Raipur","[21.23872,81.67911]","",""
"1042938","Platina DLF PHASE 1","Joint Venture","India","Gurugram","Haryana","122002","MG Road, Gurugram","[28.48039,77.09261]","",""
"1042995","Viviana 2","Joint Venture","India","Thane","Maharashtra","400601","Service Road, Thane","[19.20872,72.97149]","",""
"1043541","Opera House","Joint Venture","India","Bengaluru","Karnataka","560025","Brigade Road, Bengaluru","[12.97264,77.60734]","",""
"1044003","FIFC Lobby","Joint Venture","India","Mumbai","Maharashtra","400098","54/55 B K C Avenue, Mumbai","[19.06943,72.86978]","",""
"1044046","Calicut Beach","Joint Venture","India","Kozhikode","Kerala","673001","Beach Road, Kozhikode","[11.25065,75.77154]","",""
"1044105","Goa T2 Domestic Arrivals","Joint Venture","India","Mopa","Goa","403512","Goa International Airport, Pernem","[15.74470,73.85251]","",""
"1044566","Ahmedabad Palladium","Joint Venture","India","Ahmedabad","Gujarat","380054","SERVICE Road, Ahmedabad","[23.05828,72.52081]","",""
"1044580","Chennai Airport Mall","Joint Venture","India","Chennai","Tamil Nadu","600016","Airport Road, Chennai","[12.98168,80.16510]","",""
"1044579","Gokulam","Joint Venture","India","Mysuru","Karnataka","570002","Gokulam Main Road, Mysuru","[12.32663,76.62684]","",""
"1044598","Ajmer Highway","Joint Venture","India","Tolamal","Rajasthan","305801","Ajmer Road, Kishangarh Sub-District","[26.59290,74.92834]","",""
"1044615","Vikrampuri","Joint Venture","India","Secunderabad","Telangana","500009","Vasavi Nagar, Main Road, Hyderabad","[17.45832,78.50016]","",""
"1044621","Kadugodi","Joint Venture","India","Bengaluru","Karnataka","560115","Red Rhino, Bengaluru","[13.02463,77.76134]","",""
"1044622","Tribeca High Street, NIBM Road","Joint Venture","India","Pune","Maharashtra","411048","NIBM Annexe Road, Pune","[18.47556,73.90819]","",""
"1044624","New Colony - Chhaoni","Joint Venture","India","Nagpur","Maharashtra","440001","Post Office-New Colony, Nagpur","[21.16703,79.08325]","",""
"1045319","Sector V Kolkata","Joint Venture","India","Kolkata","West Bengal","700091","College More, Kolkata","[22.57524,88.43323]","",""
"1045333","Kharar, Chandigarh-Manali High","Joint Venture","India","Aujala","Punjab","140301","SERVICE Road, Kharar","[30.76602,76.62699]","",""
"1045358","GSM Mall","Joint Venture","India","Hyderabad","Telangana","500049","Madeenaguda, Hyderabad","[17.49608,78.33556]","",""
"1045359","Aparna Mall","Joint Venture","India","Hyderabad","Telangana","500046","401 Nallagandla Road, Hyderabad","[17.46700,78.31047]","",""
"1045355","Vaishali Nagar","Joint Venture","India","Jaipur","Rajasthan","302021","Queens Road, Jaipur","[26.91163,75.75259]","",""
"1049168","Yu Hotel Candolim","Joint Venture","India","Candolim","Goa","403515","Spice Mantraa, Bardez","[15.52621,73.76606]","",""
"1051689","North Avenue - SV Road Santacr","Joint Venture","India","Mumbai","Maharashtra","400054","Swami Vivekanand Road, Mumbai","[19.07861,72.83751]","",""
"1051697","Ashoka Mall","Joint Venture","India","Hyderabad","Telangana","500072","303 Kukatpally Main Road, Hyderabad","[17.47950,78.41754]","",""
"1051751","Rajouri Garden","Joint Venture","India","New Delhi","New Delhi","110027","Major Sudesh Marg, New Delhi","[28.64160,77.12274]","",""
"1052360","Majestic Law Garden","Joint Venture","India","Ahmedabad","Gujarat","380006","B/24 Garden Colony Road, Ahmedabad","[23.02415,72.55818]","",""
"1052431","Paschim Vihar","Joint Venture","India","New Delhi","New Delhi","110063","SERVICE Road, New Delhi","[28.66619,77.09276]","",""
"1052480","Beas - Amritsar Jalandhar High","Joint Venture","India","Dhilwan","Punjab","144804","AH1, Kapurthala Sub-District","[31.49946,75.32450]","",""
"1052859","WBiz Wakad Highway","Joint Venture","India","Pune","Maharashtra","411033","Service Road, Chinchwad","[18.60791,73.75169]","",""
"1052956","Kokapet","Joint Venture","India","Hyderabad","Telangana","500075","Gandipet Road, Moinabad","[17.38597,78.33369]","",""
"1053018","Forum Kochi","Joint Venture","India","Kochi","Kerala","682304","Bund Road, Kundannoor, Kochi","[9.94391,76.31697]","",""
"1053019","Shoolagiri Highway","Joint Venture","India","Addakurukki","Tamil Nadu","635117","AH43, Hosur Sub-District","[12.68077,77.95257]","",""
"1053425","Brigade Deccan Heights","Joint Venture","India","Bengaluru","Karnataka","560022","42, 5th Mile, Tumkur Rd, Yeswanthpur, Bengaluru","[13.02677,77.54473]","",""
"1053578","Khadakpada Circle, Kalyan","Joint Venture","India","Kalyan","Maharashtra","421301","Kalyan Murbad Road, Kalyan","[19.25320,73.13543]","",""
"1053577","Civil Lines - Raipur","Joint Venture","India","Raipur","Chhattisgarh","492001","34/602 DR Faristha Hospital Marg, Raipur","[21.23578,81.64799]","",""
"1053596","Kamala Mills","Joint Venture","India","Mumbai","Maharashtra","400013","Kamla Mill Compound Road, Mumbai","[19.00284,72.82909]","",""
"1053598","White Town Pondicherry","Joint Venture","India","Puducherry","Puducherry","605001","No 6, Bussy Street, White town, Puducherry","[11.92849,79.83370]","",""
"1053703","Delhi T1D - Lvl 1","Joint Venture","India","New Delhi","New Delhi","110037","Airport Road, New Delhi","[28.56400,77.11937]","",""
"1054178","Model Town Delhi","Joint Venture","India","New Delhi","New Delhi","110009","Shree Amruk Lal Nanda Marg, New Delhi","[28.70519,77.19015]","",""
"1054185","Lakshmipuram Road","Joint Venture","India","Guntur","Andhra Pradesh","522006","Brindavan Gardens Main Road, Guntur","[16.31324,80.42150]","",""
"1054226","DLF Building 5","Joint Venture","India","Gurugram","Haryana","122002","Raghvendra Marg, Gurugram","[28.48946,77.09184]","",""
"1054654","Ithum galleria","Joint Venture","India","Greater Noida","Uttar Pradesh","201310","Service Road, Greater Noida","[28.47768,77.52335]","",""
"1054699","Urban Village","Joint Venture","India","Ambala","Haryana","134005","Vatika city centrak, Ambala","[30.35275,76.78038]","",""
"1054703","Nexus Center City Mall","Joint Venture","India","Mysuru","Karnataka","570019","N-5 Hyder Ali Road, Mysuru","[12.31812,76.66560]","",""
"1054808","Rohini","Joint Venture","India","New Delhi","New Delhi","110085","Maharaja Agrasen Marg, New Delhi","[28.70202,77.11721]","",""
"1055277","omr","Joint Venture","India","Chennai","Tamil Nadu","600119","241-248rajiv gandhi road, Chennai","[12.87719,80.22619]","",""
"1055310","KR Puram","Joint Venture","India","Bengaluru","Karnataka","560036","47-A Mulabagilu Bypass, Bengaluru","[13.01538,77.70203]","",""
"1055395","Shoppers stop Kanpur","Joint Venture","India","Kanpur","Uttar Pradesh","208012","64 G T Road, Kanpur","[26.47224,80.31389]","",""
"1055633","Manali-Leh Highway","Joint Venture","India","Palchan","Himachal Pradesh","175103","Dhalpur Main Road, Manali Sub-District","[32.30757,77.17946]","",""
"1055635","Airoli Mindspace","Joint Venture","India","Navi Mumbai","Maharashtra","400708","MSH-4, Navi Mumbai","[19.16135,73.00042]","",""
"1055815","R Cube, Noida","Joint Venture","India","Noida","Uttar Pradesh","201301","Dadri Main Road, Noida","[28.56072,77.35666]","",""
"8596100","Tirupati","Joint Venture","India","Tirupati","Andhra Pradesh","517503","Putturu Road, Tirupati Urban","[13.61165,79.44137]","",""
"8596200","Nilambar Circle","Joint Venture","India","Vadodara","Gujarat","391410","Gotri - Vasna Road, Saiyed Vasna","[22.30153,73.13926]","",""
"8601400","Janakpuri C1/128","Joint Venture","India","New Delhi","New Delhi","110058","C1 Mata Chanan devi, West Delhi","[28.62067,77.08111]","",""
"8601000","Devanahalli","Joint Venture","India","Kurubarakunte","Karnataka","562110","Airport Road, Devanahalli","[13.26313,77.71778]","",""
"8601300","Civil Lines Delhi","Joint Venture","India","New Delhi","New Delhi","110054","Mall Road Ring Road, Central Delhi","[28.69457,77.21702]","",""
"8658100","Gaur City Mall","Joint Venture","India","Ghaziabad","Uttar Pradesh","201306","Timezone, Dadri","[28.60600,77.42965]","",""
"8674800","Madgaon Goa","Joint Venture","India","Madgaon","Goa","403601","Reliance centre pajifond, Margao","[15.27824,73.95913]","",""
"8673800","L & T Irrummanzil Mall","Joint Venture","India","Hyderabad","Telangana","500082","Red Rose Restaurant, Punjagutta","[17.42084,78.45520]","",""
"8707700","Virar","Joint Venture","India","Vasai-Virar","Maharashtra","401303","Atmaram Plaza, Dongre","[19.46321,72.80536]","",""
"8710700","Bangalore Mysore Expressway","Joint Venture","India","Nidaghatta","Karnataka","571433","Bangalore Mysore Road, Channapatna","[12.62371,77.10009]","",""
"8711100","Lilavati Hospital","Joint Venture","India","Mumbai","Maharashtra","400050","A-791, ONGC Colony Bandra West","[19.05095,72.82924]","",""
"8717900","Malviya Nagar, Delhi","Joint Venture","India","New Delhi","New Delhi","110017","Guru Govind Singh Ji Marg, South Delhi","[28.53481,77.20951]","",""
"8807500","Karnal Highway","Joint Venture","India","Gharaunda (part)","Haryana","132114","Grand trunk Road, Gharaunda","[29.56854,76.97563]","",""
"8817900","Domestic Departures, Surat Air","Joint Venture","India","Surat","Gujarat","394550","Surat International Airport, Surat","[21.12045,72.74267]","",""
"8830600","College Road","Joint Venture","India","Nashik","Maharashtra","422005","Thatte Marg, Nashik","[20.00924,73.76377]","",""
"8828100","Commerz III","Joint Venture","India","Mumbai","Maharashtra","400063","Arun Kumar Vaidya Road, Aarey","[19.17085,72.86054]","",""
"8864600","VR Bengaluru","Joint Venture","India","Bengaluru","Karnataka","560048","Wonder Shef, Mahadevapura","[12.99637,77.69544]","",""
"8866100","RK Salai","Joint Venture","India","Chennai","Tamil Nadu","600086","Dr Radhakrishnan Salai 9th Street, Royapettah","[13.04379,80.27326]","",""
"8868100","Narmada Road","Joint Venture","India","Jabalpur","Madhya Pradesh","482008","Adarsh Nagar, Rampur, Ramnagar","[23.13769,79.92711]","",""
"8880400","OP Jindal Global University","Joint Venture","India","Sonipat","Haryana","131001","OP Jindal Global University, Sonipat","[28.92616,77.05637]","",""
"8880700","Domestic Departures, Amritsar","Joint Venture","India","Raja Sansi","Punjab","143101","Amritsar Airport, Rajasansi","[31.70593,74.80623]","",""
"8880800","International Departures, Amri","Joint Venture","India","Raja Sansi","Punjab","143101","Amritsar Airport, Amritsar","[31.70530,74.80627]","",""
"8880300","Besant Nagar Beach","Joint Venture","India","Chennai","Tamil Nadu","600041","53-T-9 3rd Avenue, Besant Nagar","[12.99855,80.27056]","",""
"8885400","Reliance Mall Rajkot","Joint Venture","India","Rajkot","Gujarat","360001","150 Ring Road, Ambedkar Nagar","[22.27936,70.77719]","",""
"8883500","Capital Mall Vasai","Joint Venture","India","Vasai-Virar","Maharashtra","401209","Nalasopara Station Road, Ambedkar Nagar","[19.40755,72.82187]","",""
"1044775","BIAL T2 Domestic Departures","Joint Venture","India","Bengaluru","Karnataka","560300","Kempegowda International Airport Road, Bengaluru","[13.19894,77.71740]","",""
